Player,Team,,,Season,,,,,,MP,,,,,,,,,,,,,,,,,,,,,,,,,,USG%,,,,,,,,,TS%,,,,,,,,,,,,,,,,,,,,,,,,,,,,,,,,
Phillip T.,London Lions,Besiktas JK,EuroCup,2025-2026,07/10/2025,2,REGULAR SEASON,A,L,26,12,4,4,100.00%,1,4,25.00%,5,8,62.50%,1,2,50.00%,0,2,2,2,3,0,0,3,4,10,-17,1100.00%,24.40%,1.091,111.6,144.4,-32.8,129.4,138.4,-900.00%,68.80%,75.00%,18.20%,200.00%,9.10%,200.00%,9.10%,200.00%,0.00%,0.00%,36.40%,75.00%,0.00%,27.30%,18.20%,9.10%,11.10%,11.10%,33.30%,0.00%,13.30%,0.00%,0.00%,0.00%,0.00%,10.00%,10.00%,12.50%,0.00%,4.70%,0.00%,0.00%,0.00%,0.00%
Phillip T.,London Lions,KK Buducnost,EuroCup,2025-2026,02/10/2025,1,REGULAR SEASON,H,L,19,5,2,8,25.00%,0,0,0.00%,2,8,25.00%,1,5,20.00%,1,3,4,2,2,1,0,1,6,5,-17,1200.00%,33.30%,0.417,85.7,127,-41.3,61.5,121.4,-5990.00%,25.00%,25.00%,0.00%,0.00%,58.30%,57.00%,8.30%,0.00%,0.00%,0.00%,0.00%,0.00%,16.70%,16.70%,8.30%,8.30%,20.00%,25.00%,0.00%,0.00%,13.30%,4.50%,8.30%,0.00%,0.00%,20.00%,0.00%,60.00%,0.00%,10.80%,2.70%,0.00%,0.00%,0.00%
Phillip T.,Hapoel Jerusalem BC,CB Gran Canaria,EuroCup,2024-2025,11/03/2025,20,PLAY-OFF,H,L,15,0,0,1,0.00%,0,2,0.00%,0,3,0.00%,0,0,0.00%,0,1,1,1,1,0,0,3,1,-4,-13,400.00%,15.40%,0,100,160.9,-60.9,0,143.9,-14390.00%,0.00%,0.00%,0.00%,0.00%,25.00%,0.00%,0.00%,0.00%,0.00%,0.00%,50.00%,0.00%,0.00%,25.00%,0.00%,25.00%,12.50%,0.00%,0.00%,25.00%,7.10%,0.00%,0.00%,0.00%,0.00%,11.10%,0.00%,16.70%,0.00%,5.30%,0.00%,0.00%,0.00%,0.00%
Phillip T.,Hapoel Jerusalem BC,Turk Ankara,EuroCup,2024-2025,05/02/2025,18,REGULAR SEASON,H,W,18,2,1,2,50.00%,0,2,0.00%,1,4,25.00%,0,3,0.00%,0,3,3,3,1,1,0,1,4,5,4,600.00%,15.80%,0.333,82.4,72.7,9.7,70.1,68.3,180.00%,25.00%,20.00%,0.00%,0.00%,33.30%,100.00%,0.00%,0.00%,0.00%,0.00%,33.30%,0.00%,16.70%,16.70%,16.70%,0.00%,33.30%,37.50%,0.00%,0.00%,18.80%,0.00%,0.00%,0.00%,0.00%,20.00%,0.00%,30.00%,0.00%,8.80%,3.00%,0.00%,0.00%,0.00%
Phillip T.,Hapoel Jerusalem BC,JL Bourg-en-Bresse,EuroCup,2024-2025,29/01/2025,17,REGULAR SEASON,A,W,21,7,2,2,100.00%,1,3,33.30%,3,5,60.00%,0,0,0.00%,0,4,4,3,1,1,0,0,3,15,26,600.00%,15.00%,1.167,145.9,77.8,68.1,134.6,67.4,6720.00%,70.00%,70.00%,0.00%,0.00%,16.70%,200.00%,16.70%,200.00%,16.70%,300.00%,33.30%,0.00%,0.00%,16.70%,16.70%,0.00%,14.30%,21.40%,0.00%,0.00%,18.80%,0.00%,0.00%,0.00%,0.00%,16.00%,20.00%,0.00%,33.30%,12.10%,2.80%,0.00%,0.00%,0.00%
Phillip T.,Hapoel Jerusalem BC,Reyer Venezia,EuroCup,2024-2025,22/01/2025,16,REGULAR SEASON,A,L,23,6,1,2,50.00%,1,3,33.30%,2,5,40.00%,1,3,33.30%,1,1,2,2,3,0,0,3,1,0,-5,900.00%,17.60%,0.667,93,109.8,-16.8,80.8,112,-3120.00%,50.00%,50.00%,11.10%,200.00%,11.10%,0.00%,0.00%,0.00%,0.00%,0.00%,33.30%,100.00%,11.10%,33.30%,33.30%,0.00%,13.80%,11.10%,50.00%,0.00%,13.30%,3.70%,0.00%,7.10%,0.00%,6.70%,20.00%,0.00%,0.00%,4.80%,0.00%,0.00%,0.00%,0.00%
Phillip T.,Hapoel Jerusalem BC,KK Cedevita Junior,EuroCup,2024-2025,14/01/2025,15,REGULAR SEASON,H,L,21,2,0,2,0.00%,0,2,0.00%,0,4,0.00%,2,2,100.00%,2,5,7,2,1,1,1,2,3,8,8,600.00%,15.00%,0.333,94.4,70.3,24.1,74.3,57.9,1640.00%,0.00%,20.00%,0.00%,0.00%,33.30%,0.00%,0.00%,0.00%,0.00%,0.00%,33.30%,0.00%,16.70%,16.70%,16.70%,0.00%,18.20%,22.20%,0.00%,0.00%,13.30%,8.30%,0.00%,25.00%,0.00%,17.20%,19.00%,14.30%,0.00%,13.20%,2.70%,2.60%,3.60%,0.00%
Phillip T.,Hapoel Jerusalem BC,Cluj-Napoca,EuroCup,2024-2025,08/01/2025,14,REGULAR SEASON,A,W,21,0,0,0,0.00%,0,2,0.00%,0,2,0.00%,0,0,0.00%,1,3,4,2,2,0,0,2,3,3,3,400.00%,8.90%,0,116.2,102.6,13.6,54.2,101.6,-4740.00%,0.00%,0.00%,0.00%,0.00%,0.00%,0.00%,0.00%,0.00%,0.00%,0.00%,50.00%,0.00%,0.00%,50.00%,50.00%,0.00%,12.50%,18.20%,0.00%,0.00%,13.30%,5.00%,0.00%,9.10%,0.00%,18.80%,42.90%,0.00%,0.00%,11.10%,0.00%,0.00%,0.00%,0.00%
Phillip T.,Hapoel Jerusalem BC,Aris BC,EuroCup,2024-2025,02/01/2025,13,REGULAR SEASON,H,W,22,14,2,4,50.00%,2,3,66.70%,4,7,57.10%,4,9,44.40%,2,2,4,3,3,2,0,1,7,18,15,1400.00%,26.90%,1,115.6,86,29.6,105,81.6,2340.00%,71.40%,63.60%,0.00%,0.00%,28.60%,100.00%,0.00%,0.00%,0.00%,0.00%,14.30%,300.00%,28.60%,21.40%,7.10%,14.30%,15.80%,37.50%,0.00%,0.00%,18.80%,9.50%,11.10%,16.70%,0.00%,10.00%,0.00%,14.30%,25.00%,9.80%,4.70%,0.00%,0.00%,0.00%
Phillip T.,Hapoel Jerusalem BC,Hamburg Towers,EuroCup,2024-2025,17/12/2024,12,REGULAR SEASON,A,L,25,13,4,5,80.00%,1,3,33.30%,5,8,62.50%,2,3,66.70%,1,1,2,2,3,3,0,4,6,15,10,1200.00%,17.40%,1.083,107.7,86.8,20.9,124.2,79.1,4510.00%,68.80%,72.20%,16.70%,200.00%,25.00%,133.00%,0.00%,0.00%,16.70%,150.00%,8.30%,0.00%,8.30%,25.00%,8.30%,16.70%,8.30%,16.70%,0.00%,0.00%,13.30%,2.90%,5.60%,0.00%,0.00%,4.00%,0.00%,8.30%,0.00%,3.40%,5.70%,0.00%,0.00%,0.00%
Phillip T.,Hapoel Jerusalem BC,BC Lietkabelis,EuroCup,2024-2025,11/12/2024,11,REGULAR SEASON,H,L,16,3,1,2,50.00%,0,1,0.00%,1,3,33.30%,1,1,100.00%,1,2,3,1,3,3,0,3,2,4,-3,600.00%,18.20%,0.5,106.7,112.9,-6.2,71.1,90.9,-1980.00%,33.30%,50.00%,0.00%,0.00%,33.30%,100.00%,0.00%,0.00%,0.00%,0.00%,16.70%,0.00%,0.00%,50.00%,33.30%,16.70%,8.70%,33.30%,0.00%,0.00%,7.10%,7.10%,0.00%,10.00%,0.00%,18.20%,0.00%,50.00%,0.00%,12.00%,9.70%,0.00%,0.00%,0.00%
Phillip T.,Hapoel Jerusalem BC,Valencia Basket,EuroCup,2024-2025,04/12/2024,10,REGULAR SEASON,A,L,10,4,1,4,25.00%,0,2,0.00%,1,6,16.70%,2,2,100.00%,1,1,2,1,1,0,0,0,2,2,-13,800.00%,47.10%,0.5,68.8,141.2,-72.4,65,120.8,-5580.00%,16.70%,28.60%,0.00%,0.00%,25.00%,0.00%,25.00%,100.00%,12.50%,0.00%,12.50%,0.00%,12.50%,12.50%,0.00%,12.50%,100.00%,0.00%,0.00%,100.00%,7.10%,9.10%,20.00%,0.00%,0.00%,10.00%,0.00%,14.30%,0.00%,9.50%,0.00%,0.00%,0.00%,0.00%
Phillip T.,Hapoel Jerusalem BC,Turk Ankara,EuroCup,2024-2025,28/11/2024,9,REGULAR SEASON,A,W,14,3,0,2,0.00%,0,2,0.00%,0,4,0.00%,3,4,75.00%,2,2,4,2,1,1,0,5,3,2,10,700.00%,20.00%,0.429,134.6,96.2,38.4,98.7,82.3,1640.00%,0.00%,25.00%,0.00%,0.00%,14.30%,0.00%,14.30%,0.00%,14.30%,0.00%,14.30%,0.00%,28.60%,14.30%,14.30%,0.00%,15.40%,0.00%,50.00%,12.50%,13.30%,11.80%,14.30%,14.30%,0.00%,15.40%,0.00%,22.20%,0.00%,13.30%,3.80%,0.00%,0.00%,0.00%
Phillip T.,Trefl Sopot,Hapoel Tel Aviv,EuroCup,2024-2025,12/11/2024,8,REGULAR SEASON,H,L,37,9,2,5,40.00%,1,4,25.00%,3,9,33.30%,2,3,66.70%,0,4,4,4,3,4,0,2,6,15,-23,1300.00%,16.50%,0.692,88.9,131.8,-42.9,92.1,111.3,-1920.00%,38.90%,45.00%,7.70%,200.00%,23.10%,67.00%,7.70%,0.00%,0.00%,0.00%,30.80%,75.00%,7.70%,23.10%,15.40%,7.70%,16.70%,30.80%,0.00%,0.00%,23.50%,0.00%,0.00%,0.00%,0.00%,14.30%,15.40%,14.30%,0.00%,6.60%,6.10%,0.00%,0.00%,0.00%
Phillip T.,Trefl Sopot,Besiktas JK,EuroCup,2024-2025,05/11/2024,7,REGULAR SEASON,H,L,32,7,2,5,40.00%,0,2,0.00%,2,7,28.60%,3,4,75.00%,1,2,3,6,4,2,0,2,6,12,-9,1300.00%,18.80%,0.538,108.2,127.1,-18.9,97.7,117.9,-2020.00%,28.60%,38.90%,0.00%,0.00%,30.80%,100.00%,7.70%,0.00%,0.00%,0.00%,15.40%,0.00%,15.40%,30.80%,30.80%,0.00%,23.10%,7.70%,40.00%,33.30%,31.60%,4.30%,0.00%,16.70%,0.00%,9.10%,10.00%,9.10%,0.00%,6.70%,3.40%,0.00%,0.00%,0.00%
Phillip T.,Trefl Sopot,Bahçeşehir Koleji SK,EuroCup,2024-2025,30/10/2024,6,REGULAR SEASON,A,L,34,13,5,9,55.60%,1,5,20.00%,6,14,42.90%,0,0,0.00%,2,3,5,3,1,4,0,5,6,17,-7,1500.00%,22.40%,0.867,101.7,106.5,-4.8,109.5,85.5,2400.00%,46.40%,46.40%,33.30%,120.00%,26.70%,100.00%,0.00%,0.00%,6.70%,0.00%,26.70%,75.00%,0.00%,6.70%,6.70%,0.00%,11.50%,15.40%,0.00%,14.30%,18.80%,6.30%,10.50%,0.00%,0.00%,8.80%,6.70%,7.70%,33.30%,7.60%,6.50%,0.00%,0.00%,0.00%
Phillip T.,Trefl Sopot,Wolves Vilnius,EuroCup,2024-2025,22/10/2024,5,REGULAR SEASON,H,L,38,10,4,9,44.40%,0,3,0.00%,4,12,33.30%,2,2,100.00%,1,6,7,7,3,1,0,3,7,16,-15,1600.00%,20.00%,0.625,97.3,122.9,-25.6,97.3,115.9,-1860.00%,33.30%,38.50%,0.00%,0.00%,50.00%,100.00%,6.30%,0.00%,0.00%,0.00%,12.50%,0.00%,6.30%,18.80%,0.00%,18.80%,25.00%,35.30%,14.30%,0.00%,35.00%,3.70%,0.00%,0.00%,0.00%,25.00%,33.30%,20.00%,0.00%,13.70%,1.40%,0.00%,0.00%,0.00%
Phillip T.,Trefl Sopot,KK Buducnost,EuroCup,2024-2025,16/10/2024,4,REGULAR SEASON,A,L,33,16,2,4,50.00%,2,4,50.00%,4,8,50.00%,6,6,100.00%,0,6,6,6,3,1,0,4,3,21,-10,1400.00%,19.70%,1.143,109.7,125.8,-16.1,138.4,112,2640.00%,62.50%,72.70%,0.00%,0.00%,28.60%,100.00%,0.00%,0.00%,0.00%,0.00%,28.60%,150.00%,21.40%,21.40%,14.30%,7.10%,24.00%,20.00%,33.30%,25.00%,31.60%,0.00%,0.00%,0.00%,0.00%,24.00%,20.00%,30.80%,0.00%,11.50%,1.60%,0.00%,0.00%,0.00%
Phillip T.,Trefl Sopot,Badalona,EuroCup,2024-2025,09/10/2024,3,REGULAR SEASON,H,L,33,21,5,7,71.40%,2,6,33.30%,7,13,53.80%,5,6,83.30%,3,9,12,6,3,2,0,1,4,33,5,1900.00%,26.80%,1.105,110,101.7,8.3,143.9,82.1,6180.00%,61.50%,65.60%,15.80%,200.00%,21.10%,100.00%,0.00%,0.00%,0.00%,0.00%,31.60%,100.00%,15.80%,15.80%,10.50%,5.30%,24.00%,21.40%,100.00%,0.00%,31.60%,10.30%,9.10%,11.80%,0.00%,25.70%,18.80%,37.50%,0.00%,18.80%,3.30%,0.00%,0.00%,0.00%
Phillip T.,Trefl Sopot,Aquila Trento,EuroCup,2024-2025,02/10/2024,2,REGULAR SEASON,A,L,31,11,3,6,50.00%,0,3,0.00%,3,9,33.30%,5,8,62.50%,2,8,10,6,3,4,0,0,5,24,-9,1600.00%,23.20%,0.688,101.7,116.9,-15.2,102.3,97.1,520.00%,33.30%,42.30%,0.00%,0.00%,31.30%,80.00%,6.30%,200.00%,0.00%,0.00%,18.80%,0.00%,25.00%,18.80%,0.00%,18.80%,26.10%,20.00%,33.30%,14.30%,31.60%,6.50%,6.30%,8.30%,0.00%,30.80%,28.60%,40.00%,0.00%,17.50%,6.80%,0.00%,0.00%,0.00%
Phillip T.,Trefl Sopot,ratiopharm Ulm,EuroCup,2024-2025,25/09/2024,1,REGULAR SEASON,H,L,41,14,0,3,0.00%,3,8,37.50%,3,11,27.30%,5,6,83.30%,1,6,7,6,5,0,2,3,6,17,-10,1900.00%,20.90%,0.737,105,114.6,-9.6,92.4,108.5,-1610.00%,40.90%,50.00%,0.00%,0.00%,10.50%,0.00%,5.30%,0.00%,15.80%,0.00%,26.30%,180.00%,15.80%,26.30%,15.80%,10.50%,18.20%,8.30%,14.30%,28.60%,31.60%,2.70%,6.70%,0.00%,0.00%,16.20%,5.60%,26.70%,33.30%,9.50%,0.00%,2.90%,4.90%,0.00%
Phillip T.,London Lions,Paris Basketball,EuroCup,2023-2024,29/03/2024,22,PLAY-OFF,H,L,15,9,1,1,100.00%,2,4,50.00%,3,5,60.00%,1,2,50.00%,0,4,4,3,3,0,1,3,2,10,-15,900.00%,25.00%,1,80.6,121.2,-40.6,109.3,117.4,-810.00%,80.00%,75.00%,0.00%,0.00%,11.10%,200.00%,0.00%,0.00%,11.10%,300.00%,33.30%,100.00%,11.10%,33.30%,22.20%,11.10%,37.50%,75.00%,0.00%,0.00%,18.80%,0.00%,0.00%,0.00%,0.00%,33.30%,50.00%,33.30%,0.00%,14.80%,0.00%,4.00%,0.00%,6.70%
Phillip T.,London Lions,Paris Basketball,EuroCup,2023-2024,26/03/2024,21,PLAY-OFF,A,L,24,11,2,3,66.70%,1,3,33.30%,3,6,50.00%,4,6,66.70%,0,0,0,8,3,2,0,3,5,15,-2,1200.00%,22.60%,0.917,104.1,108.2,-4.1,109.2,103.4,580.00%,58.30%,61.10%,8.30%,200.00%,16.70%,100.00%,0.00%,0.00%,0.00%,0.00%,25.00%,100.00%,25.00%,25.00%,8.30%,16.70%,42.10%,46.70%,0.00%,33.30%,38.10%,0.00%,0.00%,0.00%,0.00%,0.00%,0.00%,0.00%,0.00%,0.00%,4.10%,0.00%,0.00%,0.00%
Phillip T.,London Lions,Cluj-Napoca,EuroCup,2023-2024,13/03/2024,20,PLAY-OFF,A,W,22,6,0,3,0.00%,2,3,66.70%,2,6,33.30%,0,0,0.00%,0,1,1,2,0,1,0,2,3,7,3,600.00%,12.20%,1,111.4,102.2,9.2,116.1,101.1,1500.00%,50.00%,50.00%,0.00%,0.00%,50.00%,0.00%,0.00%,0.00%,0.00%,0.00%,50.00%,200.00%,0.00%,0.00%,0.00%,0.00%,10.00%,22.20%,0.00%,0.00%,13.30%,0.00%,0.00%,0.00%,0.00%,5.00%,0.00%,10.00%,0.00%,2.60%,2.20%,0.00%,0.00%,0.00%
Phillip T.,London Lions,Turk Ankara,EuroCup,2023-2024,06/03/2024,19,PLAY-OFF,H,W,20,5,2,4,50.00%,0,2,0.00%,2,6,33.30%,1,2,50.00%,1,2,3,5,2,3,0,2,2,9,11,900.00%,22.00%,0.556,148.6,105.1,43.5,104.3,89.3,1500.00%,33.30%,35.70%,11.10%,200.00%,33.30%,67.00%,0.00%,0.00%,0.00%,0.00%,22.20%,0.00%,11.10%,22.20%,22.20%,0.00%,25.00%,27.30%,25.00%,16.70%,27.80%,9.10%,20.00%,0.00%,0.00%,10.50%,16.70%,0.00%,0.00%,10.00%,7.70%,0.00%,0.00%,0.00%
Phillip T.,London Lions,Wolves Vilnius,EuroCup,2023-2024,07/02/2024,18,REGULAR SEASON,H,L,13,4,1,2,50.00%,0,2,0.00%,1,4,25.00%,2,2,100.00%,0,2,2,3,4,2,0,0,1,4,-12,900.00%,31.00%,0.444,82.1,125,-42.9,67.4,93,-2560.00%,25.00%,40.00%,0.00%,0.00%,22.20%,100.00%,0.00%,0.00%,0.00%,0.00%,22.20%,0.00%,11.10%,44.40%,33.30%,11.10%,42.90%,37.50%,0.00%,0.00%,18.80%,0.00%,0.00%,0.00%,0.00%,11.80%,10.00%,20.00%,0.00%,7.40%,7.10%,0.00%,0.00%,0.00%
Phillip T.,London Lions,KK Cedevita Junior,EuroCup,2023-2024,31/01/2024,17,REGULAR SEASON,A,W,24,4,2,9,22.20%,0,2,0.00%,2,11,18.20%,0,0,0.00%,0,3,3,4,5,2,0,3,4,-3,-15,1600.00%,29.60%,0.25,88.9,119.6,-30.7,53,104.6,-5160.00%,18.20%,18.20%,31.30%,40.00%,18.80%,67.00%,6.30%,0.00%,0.00%,0.00%,12.50%,0.00%,0.00%,31.30%,12.50%,18.80%,26.70%,20.00%,40.00%,0.00%,23.50%,0.00%,0.00%,0.00%,0.00%,14.30%,28.60%,7.70%,0.00%,6.40%,4.30%,0.00%,0.00%,0.00%
Phillip T.,London Lions,Besiktas JK,EuroCup,2023-2024,24/01/2024,16,REGULAR SEASON,H,W,24,10,3,4,75.00%,1,2,50.00%,4,6,66.70%,1,3,33.30%,1,3,4,3,2,0,0,4,6,12,-1,900.00%,18.40%,1.111,104.4,106.7,-2.3,122.3,97.1,2520.00%,75.00%,71.40%,0.00%,0.00%,44.40%,150.00%,0.00%,0.00%,0.00%,0.00%,22.20%,150.00%,11.10%,22.20%,11.10%,11.10%,14.60%,0.00%,100.00%,30.80%,18.80%,5.90%,12.50%,0.00%,0.00%,10.70%,11.80%,0.00%,100.00%,8.90%,0.00%,0.00%,0.00%,0.00%
Phillip T.,London Lions,Badalona,EuroCup,2023-2024,17/01/2024,15,REGULAR SEASON,H,L,32,9,2,6,33.30%,0,3,0.00%,2,9,22.20%,5,6,83.30%,0,2,2,2,2,3,0,0,8,14,-13,1400.00%,21.50%,0.643,98.3,116.1,-17.8,82,108.1,-2610.00%,22.20%,37.50%,7.10%,200.00%,35.70%,40.00%,0.00%,0.00%,0.00%,0.00%,21.40%,0.00%,21.40%,14.30%,14.30%,0.00%,9.50%,6.70%,25.00%,0.00%,13.30%,0.00%,0.00%,0.00%,0.00%,9.50%,12.50%,7.70%,0.00%,4.30%,4.80%,0.00%,0.00%,0.00%
Phillip T.,London Lions,Hapoel Tel Aviv,EuroCup,2023-2024,09/01/2024,14,REGULAR SEASON,A,W,28,9,2,6,33.30%,1,3,33.30%,3,9,33.30%,2,2,100.00%,1,5,6,7,1,1,0,3,4,16,9,1100.00%,18.00%,0.818,135.2,118.5,16.7,133.6,109,2460.00%,38.90%,45.00%,0.00%,0.00%,45.50%,40.00%,9.10%,200.00%,0.00%,0.00%,27.30%,100.00%,9.10%,9.10%,9.10%,0.00%,25.00%,33.30%,10.00%,33.30%,35.00%,5.60%,0.00%,11.10%,0.00%,21.70%,25.00%,14.30%,0.00%,14.60%,1.90%,0.00%,0.00%,0.00%
Phillip T.,London Lions,Paris Basketball,EuroCup,2023-2024,26/12/2023,13,REGULAR SEASON,A,L,28,9,1,4,25.00%,1,4,25.00%,2,8,25.00%,4,4,100.00%,0,6,6,1,2,0,1,2,2,9,-13,1200.00%,21.10%,0.75,92.7,116.4,-23.7,72.8,105.4,-3260.00%,31.30%,45.00%,0.00%,0.00%,25.00%,67.00%,8.30%,0.00%,0.00%,0.00%,33.30%,75.00%,16.70%,16.70%,8.30%,8.30%,5.00%,9.10%,0.00%,0.00%,7.10%,0.00%,0.00%,0.00%,0.00%,20.00%,16.70%,21.10%,20.00%,11.30%,0.00%,2.00%,0.00%,4.50%
Phillip T.,London Lions,BC Prometey,EuroCup,2023-2024,20/12/2023,12,REGULAR SEASON,H,W,24,10,3,5,60.00%,1,4,25.00%,4,9,44.40%,1,1,100.00%,0,2,2,6,1,0,1,1,3,14,6,1000.00%,18.20%,1,114,94.4,19.6,123.8,94.3,2950.00%,50.00%,55.60%,0.00%,0.00%,50.00%,120.00%,0.00%,0.00%,10.00%,0.00%,30.00%,100.00%,0.00%,10.00%,0.00%,10.00%,26.10%,30.00%,33.30%,16.70%,31.60%,0.00%,0.00%,0.00%,0.00%,6.70%,6.30%,7.70%,0.00%,3.60%,0.00%,1.90%,3.20%,0.00%
Phillip T.,London Lions,Hamburg Towers,EuroCup,2023-2024,13/12/2023,11,REGULAR SEASON,H,L,27,10,5,12,41.70%,0,3,0.00%,5,15,33.30%,0,0,0.00%,3,0,3,4,0,0,0,2,4,9,-4,1500.00%,24.60%,0.667,100,108,-8,100.2,107.3,-710.00%,33.30%,33.30%,6.70%,200.00%,66.70%,60.00%,6.70%,200.00%,0.00%,0.00%,20.00%,0.00%,0.00%,0.00%,0.00%,0.00%,19.00%,25.00%,0.00%,20.00%,23.50%,10.00%,15.80%,0.00%,0.00%,0.00%,0.00%,0.00%,0.00%,5.30%,0.00%,0.00%,0.00%,0.00%
Phillip T.,London Lions,Reyer Venezia,EuroCup,2023-2024,05/12/2023,10,REGULAR SEASON,A,W,25,10,2,5,40.00%,1,2,50.00%,3,7,42.90%,3,10,30.00%,0,3,3,2,3,2,0,2,5,6,-2,1500.00%,27.80%,0.667,120.4,119.6,0.8,73.8,98.6,-2480.00%,50.00%,41.70%,0.00%,0.00%,33.30%,80.00%,0.00%,0.00%,0.00%,0.00%,13.30%,150.00%,33.30%,20.00%,6.70%,13.30%,9.50%,0.00%,16.70%,33.30%,13.30%,0.00%,0.00%,0.00%,0.00%,8.80%,5.60%,13.30%,0.00%,5.50%,3.90%,0.00%,0.00%,0.00%
Phillip T.,London Lions,Wolves Vilnius,EuroCup,2023-2024,28/11/2023,9,REGULAR SEASON,A,W,18,7,3,5,60.00%,0,1,0.00%,3,6,50.00%,1,2,50.00%,1,2,3,3,0,2,0,2,1,10,2,700.00%,17.50%,1,128.6,122.9,5.7,150.9,105.4,4550.00%,50.00%,50.00%,0.00%,0.00%,57.10%,150.00%,14.30%,0.00%,0.00%,0.00%,14.30%,0.00%,14.30%,0.00%,0.00%,0.00%,18.80%,0.00%,50.00%,0.00%,18.80%,5.60%,11.10%,0.00%,0.00%,13.30%,0.00%,33.30%,0.00%,9.10%,5.70%,0.00%,0.00%,0.00%
Phillip T.,London Lions,Badalona,EuroCup,2023-2024,08/11/2023,6,REGULAR SEASON,A,W,24,13,3,6,50.00%,1,3,33.30%,4,9,44.40%,4,4,100.00%,1,4,5,5,1,1,0,3,4,17,0,1200.00%,22.60%,1.083,113.6,108.7,4.9,137.4,93.5,4390.00%,50.00%,59.10%,25.00%,133.00%,25.00%,67.00%,0.00%,0.00%,8.30%,0.00%,16.70%,150.00%,16.70%,8.30%,0.00%,8.30%,26.30%,25.00%,50.00%,25.00%,27.80%,4.20%,12.50%,0.00%,0.00%,14.30%,6.70%,25.00%,0.00%,9.60%,2.20%,0.00%,0.00%,0.00%
Phillip T.,London Lions,Hapoel Tel Aviv,EuroCup,2023-2024,02/11/2023,5,REGULAR SEASON,H,L,23,9,1,3,33.30%,1,2,50.00%,2,5,40.00%,4,5,80.00%,2,1,3,3,5,1,0,4,5,7,-5,1200.00%,22.20%,0.75,110.9,124.4,-13.5,81.4,114.8,-3340.00%,50.00%,64.30%,0.00%,0.00%,25.00%,67.00%,0.00%,0.00%,0.00%,0.00%,16.70%,150.00%,16.70%,41.70%,25.00%,16.70%,16.70%,8.30%,25.00%,33.30%,18.80%,9.10%,7.70%,11.10%,0.00%,5.60%,0.00%,12.50%,0.00%,7.50%,2.20%,0.00%,0.00%,0.00%
Phillip T.,London Lions,Paris Basketball,EuroCup,2023-2024,24/10/2023,4,REGULAR SEASON,H,L,36,11,4,7,57.10%,1,4,25.00%,5,11,45.50%,0,0,0.00%,0,5,5,9,3,2,0,3,5,20,12,1400.00%,17.50%,0.786,109.9,95.7,14.2,121.6,86.8,3480.00%,50.00%,50.00%,7.10%,200.00%,28.60%,100.00%,14.30%,100.00%,0.00%,0.00%,28.60%,75.00%,0.00%,21.40%,21.40%,0.00%,28.10%,46.70%,40.00%,0.00%,40.90%,0.00%,0.00%,0.00%,0.00%,13.90%,12.50%,16.70%,0.00%,7.40%,2.90%,0.00%,0.00%,0.00%
Phillip T.,London Lions,BC Prometey,EuroCup,2023-2024,18/10/2023,3,REGULAR SEASON,A,W,29,8,2,5,40.00%,0,1,0.00%,2,6,33.30%,4,4,100.00%,0,2,2,8,1,0,0,3,8,17,26,900.00%,13.80%,0.889,146.6,101.7,44.9,138,92,4600.00%,33.30%,50.00%,33.30%,67.00%,11.10%,200.00%,11.10%,0.00%,0.00%,0.00%,11.10%,0.00%,22.20%,11.10%,11.10%,0.00%,24.20%,18.20%,50.00%,16.70%,38.10%,0.00%,0.00%,0.00%,0.00%,4.20%,0.00%,11.10%,0.00%,2.90%,0.00%,0.00%,0.00%,0.00%
Phillip T.,London Lions,Hamburg Towers,EuroCup,2023-2024,10/10/2023,2,REGULAR SEASON,A,W,29,18,2,4,50.00%,3,5,60.00%,5,9,55.60%,5,8,62.50%,0,4,4,4,0,1,0,3,8,25,4,1300.00%,21.70%,1.385,126.8,121.8,5,165.3,112.9,5240.00%,72.20%,69.20%,15.40%,100.00%,15.40%,100.00%,0.00%,0.00%,0.00%,0.00%,38.50%,180.00%,30.80%,0.00%,0.00%,0.00%,17.40%,8.30%,50.00%,0.00%,23.50%,0.00%,0.00%,0.00%,0.00%,17.40%,12.50%,23.10%,0.00%,9.80%,1.80%,0.00%,0.00%,0.00%
Phillip T.,London Lions,Reyer Venezia,EuroCup,2023-2024,04/10/2023,1,REGULAR SEASON,H,W,24,8,2,5,40.00%,0,3,0.00%,2,8,25.00%,4,4,100.00%,0,6,6,2,3,3,0,1,3,12,0,1300.00%,25.50%,0.615,88.9,87,1.9,81.3,72.2,910.00%,25.00%,40.00%,0.00%,0.00%,38.50%,80.00%,0.00%,0.00%,0.00%,0.00%,23.10%,0.00%,15.40%,23.10%,15.40%,7.70%,14.30%,14.30%,33.30%,0.00%,13.30%,0.00%,0.00%,0.00%,0.00%,26.10%,20.00%,36.40%,0.00%,13.00%,6.50%,0.00%,0.00%,0.00%
Phillip T.,London Lions,Badalona,EuroCup,2022-2023,12/04/2023,19,PLAY-OFF,A,L,0,0,0,0,0.00%,0,0,0.00%,0,0,0.00%,0,0,0.00%,0,0,0,0,0,0,0,0,0,0,0,0.00%,100.00%,0,0,0,0,0,0,0.00%,0.00%,0.00%,0.00%,0.00%,0.00%,0.00%,0.00%,0.00%,0.00%,0.00%,0.00%,0.00%,0.00%,0.00%,0.00%,0.00%,0.00%,0.00%,0.00%,0.00%,0.00%,0.00%,0.00%,0.00%,0.00%,0.00%,0.00%,0.00%,0.00%,0.00%,0.00%,0.00%,0.00%,0.00%
Phillip T.,London Lions,Hamburg Towers,EuroCup,2022-2023,22/11/2022,5,REGULAR SEASON,A,W,0,0,0,0,0.00%,0,0,0.00%,0,0,0.00%,0,0,0.00%,0,0,0,0,0,0,0,0,0,0,0,0.00%,100.00%,0,0,0,0,0,0,0.00%,0.00%,0.00%,0.00%,0.00%,0.00%,0.00%,0.00%,0.00%,0.00%,0.00%,0.00%,0.00%,0.00%,0.00%,0.00%,0.00%,0.00%,0.00%,0.00%,0.00%,0.00%,0.00%,0.00%,0.00%,0.00%,0.00%,0.00%,0.00%,0.00%,0.00%,0.00%,0.00%,0.00%,0.00%
Phillip T.,Reyer Venezia,JL Bourg-en-Bresse,EuroCup,2021-2022,18/01/2022,10,REGULAR SEASON,H,L,2,3,0,0,0.00%,1,2,50.00%,1,2,50.00%,0,0,0.00%,0,1,1,1,1,0,0,0,0,3,2,300.00%,75.00%,1,150,133.3,16.7,100,84.6,1540.00%,75.00%,75.00%,0.00%,0.00%,0.00%,0.00%,0.00%,0.00%,0.00%,0.00%,66.70%,150.00%,0.00%,33.30%,33.30%,0.00%,0.00%,0.00%,100.00%,0.00%,7.10%,0.00%,0.00%,0.00%,0.00%,33.30%,33.30%,0.00%,0.00%,25.00%,0.00%,0.00%,0.00%,0.00%
Phillip T.,Reyer Venezia,Promitheas,EuroCup,2021-2022,21/12/2021,8,REGULAR SEASON,A,W,22,7,1,6,16.70%,1,4,25.00%,2,10,20.00%,2,2,100.00%,0,1,1,2,5,1,1,2,1,-4,-7,1600.00%,37.20%,0.438,85,107.9,-22.9,52.6,97.7,-4510.00%,25.00%,31.80%,6.30%,0.00%,25.00%,50.00%,6.30%,0.00%,0.00%,0.00%,25.00%,75.00%,6.30%,31.30%,25.00%,6.30%,19.00%,0.00%,25.00%,40.00%,13.30%,0.00%,0.00%,0.00%,0.00%,3.70%,5.60%,0.00%,0.00%,2.20%,2.60%,2.30%,3.00%,0.00%
Phillip T.,Reyer Venezia,KK Cedevita Junior,EuroCup,2021-2022,15/12/2021,7,REGULAR SEASON,H,W,14,2,1,1,100.00%,0,3,0.00%,1,4,25.00%,0,0,0.00%,0,2,2,2,1,0,0,2,1,1,3,500.00%,19.20%,0.4,95.8,76.9,18.9,57.9,76.2,-1830.00%,25.00%,25.00%,0.00%,0.00%,20.00%,200.00%,0.00%,0.00%,0.00%,0.00%,60.00%,0.00%,0.00%,20.00%,0.00%,20.00%,28.60%,16.70%,0.00%,0.00%,13.30%,0.00%,0.00%,0.00%,0.00%,15.40%,20.00%,12.50%,0.00%,8.00%,0.00%,0.00%,0.00%,0.00%
Phillip T.,Reyer Venezia,Valencia Basket,EuroCup,2021-2022,07/12/2021,6,REGULAR SEASON,H,L,6,3,1,1,100.00%,0,1,0.00%,1,2,50.00%,1,1,100.00%,0,0,0,1,2,1,0,0,1,3,-2,400.00%,30.80%,0.75,109.1,107.7,1.4,93.5,87.1,640.00%,50.00%,75.00%,0.00%,0.00%,25.00%,200.00%,0.00%,0.00%,0.00%,0.00%,25.00%,0.00%,0.00%,50.00%,50.00%,0.00%,50.00%,25.00%,0.00%,0.00%,7.10%,0.00%,0.00%,0.00%,0.00%,0.00%,0.00%,0.00%,0.00%,0.00%,7.70%,0.00%,0.00%,0.00%
Phillip T.,Reyer Venezia,Virtus Bologna,EuroCup,2021-2022,16/11/2021,5,REGULAR SEASON,A,L,13,9,1,4,25.00%,2,5,40.00%,3,9,33.30%,1,2,50.00%,0,0,0,0,0,0,0,1,3,4,-17,1000.00%,38.50%,0.9,81.8,145.8,-64,84.6,143.9,-5930.00%,44.40%,45.00%,0.00%,0.00%,20.00%,100.00%,20.00%,0.00%,0.00%,0.00%,50.00%,120.00%,10.00%,0.00%,0.00%,0.00%,0.00%,0.00%,0.00%,0.00%,0.00%,0.00%,0.00%,0.00%,0.00%,0.00%,0.00%,0.00%,0.00%,0.00%,0.00%,0.00%,0.00%,0.00%
Phillip T.,Reyer Venezia,KK Buducnost,EuroCup,2021-2022,09/11/2021,4,REGULAR SEASON,H,W,21,4,2,3,66.70%,0,2,0.00%,2,5,40.00%,0,0,0.00%,0,2,2,2,4,0,0,2,1,0,5,900.00%,20.00%,0.444,105.4,97.1,8.3,65.6,94.5,-2890.00%,40.00%,40.00%,0.00%,0.00%,22.20%,200.00%,11.10%,0.00%,0.00%,0.00%,22.20%,0.00%,0.00%,44.40%,44.40%,0.00%,14.30%,22.20%,0.00%,0.00%,13.30%,0.00%,0.00%,0.00%,0.00%,10.50%,9.10%,16.70%,0.00%,5.30%,0.00%,0.00%,0.00%,0.00%
Phillip T.,Reyer Venezia,ratiopharm Ulm,EuroCup,2021-2022,03/11/2021,3,REGULAR SEASON,A,L,34,12,3,5,60.00%,2,5,40.00%,5,10,50.00%,0,0,0.00%,0,2,2,5,1,3,0,2,3,17,-1,1100.00%,16.20%,1.091,106.3,107.9,-1.6,135.1,102,3310.00%,60.00%,60.00%,9.10%,0.00%,27.30%,200.00%,9.10%,0.00%,0.00%,0.00%,45.50%,120.00%,0.00%,9.10%,0.00%,9.10%,20.00%,22.20%,27.30%,0.00%,27.80%,0.00%,0.00%,0.00%,0.00%,8.30%,7.70%,12.50%,0.00%,3.80%,4.80%,0.00%,0.00%,0.00%
Phillip T.,Reyer Venezia,Bursaspor,EuroCup,2021-2022,26/10/2021,2,REGULAR SEASON,H,L,20,5,1,4,25.00%,1,3,33.30%,2,7,28.60%,0,2,0.00%,2,0,2,4,5,0,0,3,3,-1,3,1300.00%,31.00%,0.385,100,94.3,5.7,70.7,98.7,-2800.00%,35.70%,31.30%,0.00%,0.00%,30.80%,50.00%,0.00%,0.00%,0.00%,0.00%,23.10%,100.00%,7.70%,38.50%,15.40%,23.10%,28.60%,12.50%,66.70%,25.00%,23.50%,14.30%,20.00%,0.00%,33.30%,0.00%,0.00%,0.00%,0.00%,6.50%,0.00%,0.00%,0.00%,0.00%
Phillip T.,Reyer Venezia,JL Bourg-en-Bresse,EuroCup,2021-2022,20/10/2021,1,REGULAR SEASON,A,W,24,6,0,3,0.00%,2,3,66.70%,2,6,33.30%,0,0,0.00%,0,1,1,4,1,1,0,3,0,4,10,700.00%,15.60%,0.857,115,87.8,27.2,115.3,83.9,3140.00%,50.00%,50.00%,0.00%,0.00%,28.60%,0.00%,14.30%,0.00%,0.00%,0.00%,42.90%,200.00%,0.00%,14.30%,0.00%,14.30%,25.00%,14.30%,50.00%,0.00%,23.50%,0.00%,0.00%,0.00%,0.00%,4.00%,6.70%,0.00%,0.00%,2.10%,2.40%,0.00%,0.00%,0.00%
